{"cameraMode":{"drawMode":2,"name":"Shaded Wireframe","section":"Shading Mode"},"sceneLighting":false,"audioPlay":false,"sceneViewState":{"showFog":true,"showMaterialUpdate":false,"showSkybox":true,"showFlares":true,"showImageEffects":true,"showParticleSystems":true},"in2DMode":false,"pivot":{"x":5.4533820152282719,"y":-6.988657474517822,"z":0.9468305706977844},"rotation":{"x":-0.15874551236629487,"y":-0.5725365877151489,"z":0.11417554318904877,"w":-0.7962196469306946},"size":1.971286416053772,"orthographic":false}