{"cameraMode":{"drawMode":0,"name":"Shaded","section":"Shading Mode"},"sceneLighting":false,"audioPlay":false,"sceneViewState":{"showFog":true,"showMaterialUpdate":false,"showSkybox":true,"showFlares":true,"showImageEffects":true,"showParticleSystems":true},"in2DMode":false,"pivot":{"x":-0.9135215282440186,"y":0.6690723896026611,"z":1.6908384561538697},"rotation":{"x":-0.15264301002025605,"y":-0.029063250869512559,"z":0.004502251744270325,"w":-0.9878437519073486},"size":1.25919771194458,"orthographic":false}