{"cameraMode":{"drawMode":0,"name":"Shaded","section":"Shading Mode"},"sceneLighting":false,"audioPlay":false,"sceneViewState":{"showFog":true,"showMaterialUpdate":false,"showSkybox":true,"showFlares":true,"showImageEffects":true,"showParticleSystems":true},"in2DMode":false,"pivot":{"x":2.966104030609131,"y":1.4346795082092286,"z":-0.10147523880004883},"rotation":{"x":-0.0297000240534544,"y":-0.9608693718910217,"z":0.2507918179035187,"w":-0.11380430310964585},"size":12.110937118530274,"orthographic":false}